source_doi,source_citation,type,n
10.1016/j.bbamem.2011.07.022,Kucerka2011,experimental,66
10.5281/zenodo.8369427,NMRlipidsDatabank_ID776,computational,12
10.5281/zenodo.8369348,NMRlipidsDatabank_ID774,computational,10
10.1039/c2cp42738a,NMRlipidsExpDatabank,experimental,10
10.5281/zenodo.4651415,NMRlipidsDatabank_ID3,computational,10
10.18710/ETWNCU,NMRlipidsExpDatabank,experimental,10
10.5281/zenodo.8331718,NMRlipidsDatabank_ID769,computational,10
10.5281/zenodo.8331752,NMRlipidsDatabank_ID767,computational,10
10.5281/zenodo.8331805,NMRlipidsDatabank_ID768,computational,10
10.5281/zenodo.16813252,NMRlipidsDatabank_ID840,computational,10
unpublished/nesterenkoDMPCbOG,NMRlipidsExpDatabank,experimental,8
10.5281/zenodo.6823118,NMRlipidsDatabank_ID721,computational,6
10.5281/zenodo.16001915,NMRlipidsDatabank_ID839,computational,6
10.5281/zenodo.1493246,NMRlipidsDatabank_ID116,computational,6
10.5281/zenodo.1488102,NMRlipidsDatabank_ID260,computational,6
10.5281/zenodo.1493229,NMRlipidsDatabank_ID324,computational,6
10.5281/zenodo.1493190,NMRlipidsDatabank_ID408,computational,6
10.5281/zenodo.1488102,NMRlipidsDatabank_ID531,computational,6
10.5281/zenodo.1488102,NMRlipidsDatabank_ID25,computational,6
10.5281/zenodo.1488102,NMRlipidsDatabank_ID237,computational,6
10.5281/zenodo.1488102,NMRlipidsDatabank_ID218,computational,6
10.5281/zenodo.6822850,NMRlipidsDatabank_ID718,computational,6
10.5281/zenodo.53222,NMRlipidsDatabank_ID185,computational,6
10.5281/zenodo.16842791,NMRlipidsDatabank_ID844,computational,6
10.5281/zenodo.1488094,NMRlipidsDatabank_ID380,computational,6
10.5281/zenodo.2579108,NMRlipidsDatabank_ID197,computational,6
10.5281/zenodo.2579063,NMRlipidsDatabank_ID348,computational,6
10.5281/zenodo.2579061,NMRlipidsDatabank_ID458,computational,6
10.5281/zenodo.51639,NMRlipidsDatabank_ID102,computational,6
10.5281/zenodo.2542176,NMRlipidsDatabank_ID437,computational,6
10.5281/zenodo.2542164,NMRlipidsDatabank_ID125,computational,6
10.5281/zenodo.2542151,NMRlipidsDatabank_ID555,computational,6
10.5281/zenodo.2542135,NMRlipidsDatabank_ID580,computational,6
10.5281/zenodo.51747,NMRlipidsDatabank_ID14,computational,6
10.5281/zenodo.51748,NMRlipidsDatabank_ID581,computational,6
10.5281/zenodo.51750,NMRlipidsDatabank_ID240,computational,6
10.5281/zenodo.51754,NMRlipidsDatabank_ID331,computational,6
10.5281/zenodo.51760,NMRlipidsDatabank_ID112,computational,6
10.5281/zenodo.53151,NMRlipidsDatabank_ID120,computational,6
10.5281/zenodo.53212,NMRlipidsDatabank_ID601,computational,6
10.5281/zenodo.1488094,NMRlipidsDatabank_ID401,computational,6
10.5281/zenodo.1488094,NMRlipidsDatabank_ID209,computational,6
10.5281/zenodo.1488094,NMRlipidsDatabank_ID294,computational,6
10.5281/zenodo.1487761,NMRlipidsDatabank_ID424,computational,6
10.5281/zenodo.1288297,NMRlipidsDatabank_ID238,computational,6
10.5281/zenodo.1288297,NMRlipidsDatabank_ID272,computational,6
10.5281/zenodo.1288297,NMRlipidsDatabank_ID382,computational,6
10.5281/zenodo.1288297,NMRlipidsDatabank_ID51,computational,6
10.5281/zenodo.1306821,NMRlipidsDatabank_ID64,computational,6
10.5281/zenodo.13984187,NMRlipidsDatabank_ID787,computational,6
10.5281/zenodo.1402437,NMRlipidsDatabank_ID131,computational,6
10.5281/zenodo.1402441,NMRlipidsDatabank_ID75,computational,6
10.5281/zenodo.1402449,NMRlipidsDatabank_ID290,computational,6
10.5281/zenodo.1475285,NMRlipidsDatabank_ID140,computational,6
10.5281/zenodo.1487761,NMRlipidsDatabank_ID177,computational,6
10.5281/zenodo.1487761,NMRlipidsDatabank_ID188,computational,6
10.5281/zenodo.1487761,NMRlipidsDatabank_ID313,computational,6
10.5281/zenodo.1487761,NMRlipidsDatabank_ID411,computational,6
10.5281/zenodo.1487761,NMRlipidsDatabank_ID48,computational,6
10.5281/zenodo.1488094,NMRlipidsDatabank_ID228,computational,6
10.5281/zenodo.1487761,NMRlipidsDatabank_ID492,computational,6
10.5281/zenodo.1487761,NMRlipidsDatabank_ID524,computational,6
10.5281/zenodo.1487895,NMRlipidsDatabank_ID200,computational,6
10.5281/zenodo.1487895,NMRlipidsDatabank_ID287,computational,6
10.5281/zenodo.1487895,NMRlipidsDatabank_ID434,computational,6
10.5281/zenodo.1487895,NMRlipidsDatabank_ID540,computational,6
10.5281/zenodo.1487895,NMRlipidsDatabank_ID68,computational,6
10.5281/zenodo.1487895,NMRlipidsDatabank_ID80,computational,6
10.5281/zenodo.1487906,NMRlipidsDatabank_ID314,computational,6
10.5281/zenodo.1487906,NMRlipidsDatabank_ID326,computational,6
10.5281/zenodo.1488094,NMRlipidsDatabank_ID145,computational,6
10.5281/zenodo.2579344,NMRlipidsDatabank_ID89,computational,6
10.5281/zenodo.1488094,NMRlipidsDatabank_ID212,computational,6
10.5281/zenodo.1488094,NMRlipidsDatabank_ID223,computational,6
10.5281/zenodo.2579224,NMRlipidsDatabank_ID435,computational,6
10.5281/zenodo.2581186,NMRlipidsDatabank_ID265,computational,6
10.5281/zenodo.2579675,NMRlipidsDatabank_ID883,computational,6
10.5281/zenodo.3266240,NMRlipidsDatabank_ID322,computational,6
10.5281/zenodo.3613573,NMRlipidsDatabank_ID230,computational,6
10.5281/zenodo.3613573,NMRlipidsDatabank_ID229,computational,6
10.5281/zenodo.3605386,NMRlipidsDatabank_ID607,computational,6
10.5281/zenodo.3238258,NMRlipidsDatabank_ID335,computational,6
10.5281/zenodo.3240156,NMRlipidsDatabank_ID138,computational,6
10.5281/zenodo.3240403,NMRlipidsDatabank_ID161,computational,6
10.5281/zenodo.3241243,NMRlipidsDatabank_ID286,computational,6
10.5281/zenodo.3241269,NMRlipidsDatabank_ID505,computational,6
10.5281/zenodo.3248612,NMRlipidsDatabank_ID266,computational,6
10.5281/zenodo.3248689,NMRlipidsDatabank_ID341,computational,6
10.5281/zenodo.3249960,NMRlipidsDatabank_ID596,computational,6
10.5281/zenodo.3250127,NMRlipidsDatabank_ID485,computational,6
10.5281/zenodo.3256490,NMRlipidsDatabank_ID556,computational,6
10.5281/zenodo.3266238,NMRlipidsDatabank_ID139,computational,6
10.5281/zenodo.3267234,NMRlipidsDatabank_ID413,computational,6
10.5281/zenodo.3613573,NMRlipidsDatabank_ID307,computational,6
10.5281/zenodo.3332778,NMRlipidsDatabank_ID111,computational,6
10.5281/zenodo.3332778,NMRlipidsDatabank_ID300,computational,6
10.5281/zenodo.3332778,NMRlipidsDatabank_ID337,computational,6
10.5281/zenodo.3332778,NMRlipidsDatabank_ID387,computational,6
10.5281/zenodo.3332778,NMRlipidsDatabank_ID465,computational,6
10.5281/zenodo.3332778,NMRlipidsDatabank_ID95,computational,6
10.5281/zenodo.3483793,NMRlipidsDatabank_ID402,computational,6
10.5281/zenodo.3483789,NMRlipidsDatabank_ID179,computational,6
10.5281/zenodo.3483787,NMRlipidsDatabank_ID226,computational,6
10.5281/zenodo.3483785,NMRlipidsDatabank_ID474,computational,6
10.5281/zenodo.3483783,NMRlipidsDatabank_ID323,computational,6
10.5281/zenodo.3371327,NMRlipidsDatabank_ID389,computational,6
10.5281/zenodo.3371327,NMRlipidsDatabank_ID600,computational,6
10.5281/zenodo.3371327,NMRlipidsDatabank_ID618,computational,6
10.5281/zenodo.3613573,NMRlipidsDatabank_ID302,computational,6
10.5281/zenodo.3613573,NMRlipidsDatabank_ID32,computational,6
10.5281/zenodo.2580153,NMRlipidsDatabank_ID377,computational,6
10.5281/zenodo.3997019,NMRlipidsDatabank_ID180,computational,6
10.5281/zenodo.2580158,NMRlipidsDatabank_ID447,computational,6
10.5281/zenodo.2580902,NMRlipidsDatabank_ID170,computational,6
10.5281/zenodo.1283333,NMRlipidsDatabank_ID460,computational,6
10.5281/zenodo.2582721,NMRlipidsDatabank_ID442,computational,6
10.5281/zenodo.44660,NMRlipidsDatabank_ID288,computational,6
10.5281/zenodo.44622,NMRlipidsDatabank_ID354,computational,6
10.5281/zenodo.4005515,NMRlipidsDatabank_ID178,computational,6
10.5281/zenodo.3997184,NMRlipidsDatabank_ID363,computational,6
10.5281/zenodo.3997176,NMRlipidsDatabank_ID417,computational,6
10.5281/zenodo.3997154,NMRlipidsDatabank_ID429,computational,6
10.5281/zenodo.3997135,NMRlipidsDatabank_ID509,computational,6
10.5281/zenodo.3997116,NMRlipidsDatabank_ID592,computational,6
10.5281/zenodo.3997037,NMRlipidsDatabank_ID368,computational,6
10.5281/zenodo.259443,NMRlipidsDatabank_ID156,computational,6
10.5281/zenodo.3996952,NMRlipidsDatabank_ID58,computational,6
10.5281/zenodo.3613573,NMRlipidsDatabank_ID538,computational,6
10.5281/zenodo.259443,NMRlipidsDatabank_ID491,computational,6
10.5281/zenodo.3874378,NMRlipidsDatabank_ID418,computational,6
10.5281/zenodo.3871590,NMRlipidsDatabank_ID585,computational,6
10.5281/zenodo.3864993,NMRlipidsDatabank_ID182,computational,6
10.5281/zenodo.3862036,NMRlipidsDatabank_ID470,computational,6
10.5281/zenodo.2653723,NMRlipidsDatabank_ID108,computational,6
10.5281/zenodo.2653723,NMRlipidsDatabank_ID12,computational,6
10.5281/zenodo.2653723,NMRlipidsDatabank_ID251,computational,6
10.5281/zenodo.3859339,NMRlipidsDatabank_ID146,computational,6
10.5281/zenodo.3857816,NMRlipidsDatabank_ID503,computational,6
10.5281/zenodo.3855729,NMRlipidsDatabank_ID253,computational,6
10.5281/zenodo.3833725,NMRlipidsDatabank_ID217,computational,6
10.5281/zenodo.3725637,NMRlipidsDatabank_ID149,computational,6
10.5281/zenodo.3693681,NMRlipidsDatabank_ID317,computational,6
10.5281/zenodo.1283333,NMRlipidsDatabank_ID471,computational,6
10.5281/zenodo.1493241,NMRlipidsDatabank_ID496,computational,6
10.5281/zenodo.1283331,NMRlipidsDatabank_ID495,computational,6
10.5281/zenodo.1182658,NMRlipidsDatabank_ID514,computational,6
10.5281/zenodo.1020623,NMRlipidsDatabank_ID450,computational,6
10.5281/zenodo.1020593,NMRlipidsDatabank_ID518,computational,6
10.5281/zenodo.1020240,NMRlipidsDatabank_ID285,computational,6
10.5281/zenodo.8335207,NMRlipidsDatabank_ID852,computational,6
10.5281/zenodo.8370420,NMRlipidsDatabank_ID786,computational,6
10.5281/zenodo.1182658,NMRlipidsDatabank_ID114,computational,6
10.5281/zenodo.1182665,NMRlipidsDatabank_ID388,computational,6
10.5281/zenodo.838225,NMRlipidsDatabank_ID370,computational,6
10.5281/zenodo.1182665,NMRlipidsDatabank_ID528,computational,6
10.5281/zenodo.8370426,NMRlipidsDatabank_ID784,computational,6
10.5281/zenodo.8370434,NMRlipidsDatabank_ID785,computational,6
10.5281/zenodo.8370440,NMRlipidsDatabank_ID783,computational,6
10.5281/zenodo.8370442,NMRlipidsDatabank_ID781,computational,6
10.5281/zenodo.8370445,NMRlipidsDatabank_ID780,computational,6
10.5281/zenodo.1020671,NMRlipidsDatabank_ID117,computational,6
10.5281/zenodo.1020689,NMRlipidsDatabank_ID336,computational,6
10.5281/zenodo.10254558,NMRlipidsDatabank_ID868,computational,6
10.5281/zenodo.10255810,NMRlipidsDatabank_ID855,computational,6
10.5281/zenodo.10259002,NMRlipidsDatabank_ID867,computational,6
10.5281/zenodo.10259847,NMRlipidsDatabank_ID854,computational,6
10.5281/zenodo.10260376,NMRlipidsDatabank_ID866,computational,6
10.5281/zenodo.10261345,NMRlipidsDatabank_ID853,computational,6
10.5281/zenodo.10280829,NMRlipidsDatabank_ID878,computational,6
10.5281/zenodo.10635871,NMRlipidsDatabank_ID801,computational,6
10.5281/zenodo.10635871,NMRlipidsDatabank_ID850,computational,6
10.5281/zenodo.10635875,NMRlipidsDatabank_ID851,computational,6
10.5281/zenodo.1118682,NMRlipidsDatabank_ID142,computational,6
10.5281/zenodo.1118682,NMRlipidsDatabank_ID278,computational,6
10.5281/zenodo.1118682,NMRlipidsDatabank_ID371,computational,6
10.5281/zenodo.1118682,NMRlipidsDatabank_ID461,computational,6
10.5281/zenodo.1283331,NMRlipidsDatabank_ID169,computational,6
10.5281/zenodo.838219,NMRlipidsDatabank_ID621,computational,6
10.5281/zenodo.10253820,NMRlipidsDatabank_ID870,computational,6
10.5281/zenodo.838229,NMRlipidsDatabank_ID184,computational,6
10.5281/zenodo.8415046,NMRlipidsDatabank_ID782,computational,6
10.1039/B508190D,NMRlipidsExpDatabank,experimental,6
10.5281/zenodo.1230390,NMRlipidsDatabank_ID11,computational,6
10.5281/zenodo.887398,NMRlipidsDatabank_ID241,computational,6
10.5281/zenodo.887400,NMRlipidsDatabank_ID603,computational,6
10.5281/zenodo.1219494,NMRlipidsDatabank_ID165,computational,6
10.5281/zenodo.3540513,NMRlipidsDatabank_ID487,computational,5
10.5281/zenodo.439080,NMRlipidsDatabank_ID332,computational,4
10.5281/zenodo.4386514,NMRlipidsDatabank_ID220,computational,4
10.5281/zenodo.439066,NMRlipidsDatabank_ID215,computational,4
10.5281/zenodo.439066,NMRlipidsDatabank_ID7,computational,4
10.5281/zenodo.439080,NMRlipidsDatabank_ID542,computational,4
10.5281/zenodo.4349753,NMRlipidsDatabank_ID250,computational,4
10.5281/zenodo.439080,NMRlipidsDatabank_ID567,computational,4
10.5281/zenodo.4424292,NMRlipidsDatabank_ID195,computational,4
10.5281/zenodo.4424934,NMRlipidsDatabank_ID143,computational,4
10.5281/zenodo.7604711,NMRlipidsDatabank_ID735,computational,4
10.5281/zenodo.7604681,NMRlipidsDatabank_ID742,computational,4
10.5281/zenodo.45007,NMRlipidsDatabank_ID282,computational,4
10.5281/zenodo.45008,NMRlipidsDatabank_ID353,computational,4
10.5281/zenodo.4522359,NMRlipidsDatabank_ID409,computational,4
10.5281/zenodo.4352287,NMRlipidsDatabank_ID376,computational,4
10.5281/zenodo.4300706,NMRlipidsDatabank_ID255,computational,4
10.5281/zenodo.4300706,NMRlipidsDatabank_ID357,computational,4
10.5281/zenodo.4537207,NMRlipidsDatabank_ID151,computational,4
10.5281/zenodo.4071264,NMRlipidsDatabank_ID433,computational,4
10.5281/zenodo.4071264,NMRlipidsDatabank_ID13,computational,4
10.5281/zenodo.4040423,NMRlipidsDatabank_ID512,computational,4
10.5281/zenodo.7604810,NMRlipidsDatabank_ID739,computational,4
10.5281/zenodo.3997214,NMRlipidsDatabank_ID616,computational,4
10.5281/zenodo.7604842,NMRlipidsDatabank_ID741,computational,4
10.5281/zenodo.7605016,NMRlipidsDatabank_ID736,computational,4
10.5281/zenodo.7607436,NMRlipidsDatabank_ID734,computational,4
10.5281/zenodo.3434396,NMRlipidsDatabank_ID484,computational,4
10.5281/zenodo.3434396,NMRlipidsDatabank_ID576,computational,4
10.5281/zenodo.3434396,NMRlipidsDatabank_ID90,computational,4
10.5281/zenodo.7622838,NMRlipidsDatabank_ID746,computational,4
10.5281/zenodo.7625844,NMRlipidsDatabank_ID740,computational,4
10.5281/zenodo.4522359,NMRlipidsDatabank_ID455,computational,4
10.5281/zenodo.46152,NMRlipidsDatabank_ID20,computational,4
10.5281/zenodo.4537794,NMRlipidsDatabank_ID59,computational,4
10.5281/zenodo.51635,NMRlipidsDatabank_ID501,computational,4
10.5281/zenodo.4740115,NMRlipidsDatabank_ID150,computational,4
10.5281/zenodo.4750862,NMRlipidsDatabank_ID544,computational,4
10.5281/zenodo.495247,NMRlipidsDatabank_ID227,computational,4
10.5281/zenodo.495510,NMRlipidsDatabank_ID100,computational,4
10.5281/zenodo.51182,NMRlipidsDatabank_ID122,computational,4
10.5281/zenodo.51185,NMRlipidsDatabank_ID160,computational,4
10.5281/zenodo.3434396,NMRlipidsDatabank_ID459,computational,4
10.5281/zenodo.7572990,NMRlipidsDatabank_ID897,computational,4
10.5281/zenodo.3434396,NMRlipidsDatabank_ID420,computational,4
10.5281/zenodo.3434396,NMRlipidsDatabank_ID40,computational,4
10.5281/zenodo.7572990,NMRlipidsDatabank_ID896,computational,4
10.5281/zenodo.7572990,NMRlipidsDatabank_ID895,computational,4
10.5281/zenodo.3434396,NMRlipidsDatabank_ID362,computational,4
10.5281/zenodo.7572990,NMRlipidsDatabank_ID893,computational,4
10.5281/zenodo.4683633,NMRlipidsDatabank_ID591,computational,4
10.5281/zenodo.7572990,NMRlipidsDatabank_ID898,computational,4
10.5281/zenodo.3950029,NMRlipidsDatabank_ID608,computational,4
10.5281/zenodo.7604627,NMRlipidsDatabank_ID743,computational,4
10.5281/zenodo.4643862,NMRlipidsDatabank_ID299,computational,4
10.5281/zenodo.4643875,NMRlipidsDatabank_ID497,computational,4
10.5281/zenodo.4643899,NMRlipidsDatabank_ID305,computational,4
10.5281/zenodo.4643914,NMRlipidsDatabank_ID589,computational,4
10.5281/zenodo.4643985,NMRlipidsDatabank_ID206,computational,4
10.5281/zenodo.4644028,NMRlipidsDatabank_ID15,computational,4
10.5281/zenodo.7604040,NMRlipidsDatabank_ID744,computational,4
10.5281/zenodo.7586915,NMRlipidsDatabank_ID733,computational,4
10.5281/zenodo.7602924,NMRlipidsDatabank_ID730,computational,4
10.5281/zenodo.7602770,NMRlipidsDatabank_ID731,computational,4
10.5281/zenodo.7600827,NMRlipidsDatabank_ID737,computational,4
10.5281/zenodo.7600326,NMRlipidsDatabank_ID732,computational,4
10.5281/zenodo.7596011,NMRlipidsDatabank_ID745,computational,4
10.5281/zenodo.7591753,NMRlipidsDatabank_ID738,computational,4
10.5281/zenodo.7916287,NMRlipidsDatabank_ID748,computational,4
10.5281/zenodo.3950029,NMRlipidsDatabank_ID334,computational,4
10.5281/zenodo.3950029,NMRlipidsDatabank_ID537,computational,4
10.5281/zenodo.8357170,NMRlipidsDatabank_ID775,computational,4
10.5281/zenodo.35074,NMRlipidsDatabank_ID84,computational,4
10.5281/zenodo.3484548,NMRlipidsDatabank_ID153,computational,4
10.5281/zenodo.3539263,NMRlipidsDatabank_ID8,computational,4
10.5281/zenodo.8431710,NMRlipidsDatabank_ID788,computational,4
10.5281/zenodo.3540513,NMRlipidsDatabank_ID333,computational,4
10.5281/zenodo.8370414,NMRlipidsDatabank_ID773,computational,4
10.5281/zenodo.8357123,NMRlipidsDatabank_ID770,computational,4
10.5281/zenodo.3539263,NMRlipidsDatabank_ID395,computational,4
10.5281/zenodo.8337239,NMRlipidsDatabank_ID764,computational,4
10.5281/zenodo.8431710,NMRlipidsDatabank_ID789,computational,4
10.5281/zenodo.3540513,NMRlipidsDatabank_ID432,computational,4
10.5281/zenodo.3540513,NMRlipidsDatabank_ID45,computational,4
10.5281/zenodo.3540513,NMRlipidsDatabank_ID588,computational,4
10.5281/zenodo.3571071,NMRlipidsDatabank_ID882,computational,4
10.5281/zenodo.3539263,NMRlipidsDatabank_ID55,computational,4
10.5281/zenodo.3539263,NMRlipidsDatabank_ID221,computational,4
10.5281/zenodo.7916287,NMRlipidsDatabank_ID749,computational,4
10.5281/zenodo.35193,NMRlipidsDatabank_ID511,computational,4
10.5281/zenodo.35159,NMRlipidsDatabank_ID321,computational,4
10.5281/zenodo.8383234,NMRlipidsDatabank_ID777,computational,4
10.5281/zenodo.35160,NMRlipidsDatabank_ID78,computational,4
10.5281/zenodo.35193,NMRlipidsDatabank_ID134,computational,4
10.5281/zenodo.35193,NMRlipidsDatabank_ID297,computational,4
10.5281/zenodo.35193,NMRlipidsDatabank_ID358,computational,4
10.5281/zenodo.8383558,NMRlipidsDatabank_ID778,computational,4
10.5281/zenodo.3539263,NMRlipidsDatabank_ID216,computational,4
10.5281/zenodo.8386813,NMRlipidsDatabank_ID779,computational,4
10.5281/zenodo.35193,NMRlipidsDatabank_ID559,computational,4
10.5281/zenodo.35275,NMRlipidsDatabank_ID50,computational,4
10.5281/zenodo.8411425,NMRlipidsDatabank_ID792,computational,4
10.5281/zenodo.3539129,NMRlipidsDatabank_ID406,computational,4
10.5281/zenodo.8411733,NMRlipidsDatabank_ID791,computational,4
10.5281/zenodo.3592499,NMRlipidsDatabank_ID53,computational,4
10.5281/zenodo.3592499,NMRlipidsDatabank_ID56,computational,4
10.5281/zenodo.3592499,NMRlipidsDatabank_ID594,computational,4
10.5281/zenodo.34490,NMRlipidsDatabank_ID560,computational,4
10.5281/zenodo.34491,NMRlipidsDatabank_ID39,computational,4
10.5281/zenodo.3870998,NMRlipidsDatabank_ID566,computational,4
10.5281/zenodo.3871000,NMRlipidsDatabank_ID369,computational,4
10.5281/zenodo.3871004,NMRlipidsDatabank_ID421,computational,4
10.5281/zenodo.3871006,NMRlipidsDatabank_ID85,computational,4
10.5281/zenodo.3871008,NMRlipidsDatabank_ID490,computational,4
10.5281/zenodo.34488,NMRlipidsDatabank_ID38,computational,4
10.5281/zenodo.8307369,NMRlipidsDatabank_ID762,computational,4
10.5281/zenodo.3950029,NMRlipidsDatabank_ID105,computational,4
10.5281/zenodo.3950029,NMRlipidsDatabank_ID175,computational,4
10.5281/zenodo.3950029,NMRlipidsDatabank_ID205,computational,4
10.5281/zenodo.3950029,NMRlipidsDatabank_ID244,computational,4
10.5281/zenodo.35156,NMRlipidsDatabank_ID565,computational,4
10.5281/zenodo.3950029,NMRlipidsDatabank_ID35,computational,4
10.5281/zenodo.34497,NMRlipidsDatabank_ID276,computational,4
10.5281/zenodo.7572990,NMRlipidsDatabank_ID891,computational,4
10.5281/zenodo.7916287,NMRlipidsDatabank_ID752,computational,4
10.5281/zenodo.7916494,NMRlipidsDatabank_ID747,computational,4
10.5281/zenodo.7916494,NMRlipidsDatabank_ID750,computational,4
10.5281/zenodo.3832274,NMRlipidsDatabank_ID605,computational,4
10.5281/zenodo.3832219,NMRlipidsDatabank_ID880,computational,4
10.5281/zenodo.3741793,NMRlipidsDatabank_ID457,computational,4
10.5281/zenodo.3725670,NMRlipidsDatabank_ID385,computational,4
10.5281/zenodo.7916494,NMRlipidsDatabank_ID751,computational,4
10.5281/zenodo.34498,NMRlipidsDatabank_ID157,computational,4
10.5281/zenodo.3474863,NMRlipidsDatabank_ID428,computational,4
10.5281/zenodo.887396,NMRlipidsDatabank_ID269,computational,4
10.5281/zenodo.887351,NMRlipidsDatabank_ID213,computational,4
10.5281/zenodo.8000065,NMRlipidsDatabank_ID757,computational,4
10.5281/zenodo.8299506,NMRlipidsDatabank_ID761,computational,4
10.5281/zenodo.8435138,NMRlipidsDatabank_ID790,computational,4
10.5281/zenodo.7572990,NMRlipidsDatabank_ID892,computational,4
10.5281/zenodo.7572990,NMRlipidsDatabank_ID887,computational,4
10.5281/zenodo.7572990,NMRlipidsDatabank_ID890,computational,4
10.5281/zenodo.6943413,NMRlipidsDatabank_ID630,computational,4
10.5281/zenodo.7022749,NMRlipidsDatabank_ID696,computational,4
10.5281/zenodo.6943413,NMRlipidsDatabank_ID6,computational,4
10.5281/zenodo.6943413,NMRlipidsDatabank_ID624,computational,4
10.5281/zenodo.6943413,NMRlipidsDatabank_ID625,computational,4
10.5281/zenodo.6943413,NMRlipidsDatabank_ID626,computational,4
10.5281/zenodo.6943413,NMRlipidsDatabank_ID627,computational,4
10.5281/zenodo.6943413,NMRlipidsDatabank_ID628,computational,4
10.5281/zenodo.6943413,NMRlipidsDatabank_ID629,computational,4
10.5281/zenodo.6943413,NMRlipidsDatabank_ID631,computational,4
10.5281/zenodo.7022749,NMRlipidsDatabank_ID703,computational,4
10.5281/zenodo.6943413,NMRlipidsDatabank_ID632,computational,4
10.5281/zenodo.6943413,NMRlipidsDatabank_ID633,computational,4
10.5281/zenodo.6943413,NMRlipidsDatabank_ID634,computational,4
10.5281/zenodo.6943413,NMRlipidsDatabank_ID635,computational,4
10.5281/zenodo.6943413,NMRlipidsDatabank_ID636,computational,4
10.5281/zenodo.6943413,NMRlipidsDatabank_ID637,computational,4
10.5281/zenodo.6943413,NMRlipidsDatabank_ID638,computational,4
10.5281/zenodo.6943929,NMRlipidsDatabank_ID640,computational,4
10.5281/zenodo.7022749,NMRlipidsDatabank_ID697,computational,4
10.5281/zenodo.6943413,NMRlipidsDatabank_ID587,computational,4
10.5281/zenodo.6943929,NMRlipidsDatabank_ID642,computational,4
10.5281/zenodo.7061800,NMRlipidsDatabank_ID675,computational,4
10.5281/zenodo.7061800,NMRlipidsDatabank_ID699,computational,4
10.5281/zenodo.7061800,NMRlipidsDatabank_ID698,computational,4
10.5281/zenodo.6943413,NMRlipidsDatabank_ID553,computational,4
10.5281/zenodo.6943413,NMRlipidsDatabank_ID577,computational,4
10.5281/zenodo.7061800,NMRlipidsDatabank_ID695,computational,4
10.5281/zenodo.7061800,NMRlipidsDatabank_ID690,computational,4
10.5281/zenodo.7061800,NMRlipidsDatabank_ID679,computational,4
10.5281/zenodo.7061800,NMRlipidsDatabank_ID677,computational,4
10.5281/zenodo.7061800,NMRlipidsDatabank_ID674,computational,4
10.5281/zenodo.7022749,NMRlipidsDatabank_ID708,computational,4
10.5281/zenodo.7061800,NMRlipidsDatabank_ID671,computational,4
10.5281/zenodo.7061800,NMRlipidsDatabank_ID665,computational,4
10.5281/zenodo.7061800,NMRlipidsDatabank_ID660,computational,4
10.5281/zenodo.7061800,NMRlipidsDatabank_ID658,computational,4
10.5281/zenodo.6943413,NMRlipidsDatabank_ID578,computational,4
10.5281/zenodo.7061800,NMRlipidsDatabank_ID655,computational,4
10.5281/zenodo.7022749,NMRlipidsDatabank_ID712,computational,4
10.5281/zenodo.7022749,NMRlipidsDatabank_ID709,computational,4
10.5281/zenodo.6943929,NMRlipidsDatabank_ID641,computational,4
10.5281/zenodo.6943929,NMRlipidsDatabank_ID643,computational,4
10.5281/zenodo.7061800,NMRlipidsDatabank_ID704,computational,4
10.5281/zenodo.7022749,NMRlipidsDatabank_ID664,computational,4
10.5281/zenodo.6992065,NMRlipidsDatabank_ID694,computational,4
10.5281/zenodo.6992065,NMRlipidsDatabank_ID700,computational,4
10.5281/zenodo.6992065,NMRlipidsDatabank_ID707,computational,4
10.5281/zenodo.6992065,NMRlipidsDatabank_ID714,computational,4
10.5281/zenodo.6992065,NMRlipidsDatabank_ID715,computational,4
10.5281/zenodo.6992065,NMRlipidsDatabank_ID717,computational,4
10.5281/zenodo.7022749,NMRlipidsDatabank_ID659,computational,4
10.5281/zenodo.7022749,NMRlipidsDatabank_ID661,computational,4
10.5281/zenodo.7022749,NMRlipidsDatabank_ID668,computational,4
10.5281/zenodo.6992065,NMRlipidsDatabank_ID688,computational,4
10.5281/zenodo.7022749,NMRlipidsDatabank_ID670,computational,4
10.5281/zenodo.7022749,NMRlipidsDatabank_ID672,computational,4
10.5281/zenodo.7022749,NMRlipidsDatabank_ID681,computational,4
10.5281/zenodo.7022749,NMRlipidsDatabank_ID693,computational,4
10.5281/zenodo.7022749,NMRlipidsDatabank_ID692,computational,4
10.5281/zenodo.7022749,NMRlipidsDatabank_ID691,computational,4
10.5281/zenodo.7022749,NMRlipidsDatabank_ID682,computational,4
10.5281/zenodo.7022749,NMRlipidsDatabank_ID687,computational,4
10.5281/zenodo.6992065,NMRlipidsDatabank_ID689,computational,4
10.5281/zenodo.6992065,NMRlipidsDatabank_ID686,computational,4
10.5281/zenodo.6943929,NMRlipidsDatabank_ID644,computational,4
10.5281/zenodo.6943929,NMRlipidsDatabank_ID653,computational,4
10.5281/zenodo.6943929,NMRlipidsDatabank_ID645,computational,4
10.5281/zenodo.6943929,NMRlipidsDatabank_ID646,computational,4
10.5281/zenodo.6943929,NMRlipidsDatabank_ID647,computational,4
10.5281/zenodo.6943929,NMRlipidsDatabank_ID648,computational,4
10.5281/zenodo.6943929,NMRlipidsDatabank_ID649,computational,4
10.5281/zenodo.6943929,NMRlipidsDatabank_ID650,computational,4
10.5281/zenodo.6943929,NMRlipidsDatabank_ID651,computational,4
10.5281/zenodo.6943929,NMRlipidsDatabank_ID652,computational,4
10.5281/zenodo.6943929,NMRlipidsDatabank_ID654,computational,4
10.5281/zenodo.6992065,NMRlipidsDatabank_ID684,computational,4
10.5281/zenodo.6992065,NMRlipidsDatabank_ID657,computational,4
10.5281/zenodo.6992065,NMRlipidsDatabank_ID662,computational,4
10.5281/zenodo.6992065,NMRlipidsDatabank_ID663,computational,4
10.5281/zenodo.6992065,NMRlipidsDatabank_ID666,computational,4
10.5281/zenodo.6992065,NMRlipidsDatabank_ID667,computational,4
10.5281/zenodo.6992065,NMRlipidsDatabank_ID673,computational,4
10.5281/zenodo.6992065,NMRlipidsDatabank_ID680,computational,4
10.5281/zenodo.6992065,NMRlipidsDatabank_ID683,computational,4
10.5281/zenodo.7061800,NMRlipidsDatabank_ID702,computational,4
10.5281/zenodo.7061800,NMRlipidsDatabank_ID705,computational,4
10.5281/zenodo.7572990,NMRlipidsDatabank_ID889,computational,4
10.5281/zenodo.6333548,NMRlipidsDatabank_ID795,computational,4
10.5281/zenodo.5767451,NMRlipidsDatabank_ID546,computational,4
10.5281/zenodo.5767451,NMRlipidsDatabank_ID550,computational,4
10.5281/zenodo.5767451,NMRlipidsDatabank_ID620,computational,4
10.5281/zenodo.5767451,NMRlipidsDatabank_ID72,computational,4
10.5281/zenodo.5767451,NMRlipidsDatabank_ID88,computational,4
10.5281/zenodo.5767451,NMRlipidsDatabank_ID91,computational,4
10.5281/zenodo.5997385,NMRlipidsDatabank_ID202,computational,4
10.5281/zenodo.62026,NMRlipidsDatabank_ID118,computational,4
10.5281/zenodo.6334005,NMRlipidsDatabank_ID818,computational,4
10.5281/zenodo.7572990,NMRlipidsDatabank_ID884,computational,4
10.5281/zenodo.6335769,NMRlipidsDatabank_ID819,computational,4
10.5281/zenodo.6336691,NMRlipidsDatabank_ID164,computational,4
10.5281/zenodo.6337490,NMRlipidsDatabank_ID862,computational,4
10.5281/zenodo.6337813,NMRlipidsDatabank_ID857,computational,4
10.5281/zenodo.6339898,NMRlipidsDatabank_ID860,computational,4
10.5281/zenodo.6341420,NMRlipidsDatabank_ID859,computational,4
10.5281/zenodo.6341899,NMRlipidsDatabank_ID856,computational,4
10.5281/zenodo.6342104,NMRlipidsDatabank_ID877,computational,4
10.5281/zenodo.5767451,NMRlipidsDatabank_ID543,computational,4
10.5281/zenodo.7572990,NMRlipidsDatabank_ID885,computational,4
10.5281/zenodo.6342522,NMRlipidsDatabank_ID872,computational,4
10.5281/zenodo.5592698,NMRlipidsDatabank_ID133,computational,4
10.5281/zenodo.7572990,NMRlipidsDatabank_ID888,computational,4
10.5281/zenodo.7572990,NMRlipidsDatabank_ID886,computational,4
10.5281/zenodo.545941,NMRlipidsDatabank_ID381,computational,4
10.5281/zenodo.545941,NMRlipidsDatabank_ID539,computational,4
10.5281/zenodo.546133,NMRlipidsDatabank_ID207,computational,4
10.5281/zenodo.546135,NMRlipidsDatabank_ID107,computational,4
10.5281/zenodo.546136,NMRlipidsDatabank_ID404,computational,4
10.5281/zenodo.5507316,NMRlipidsDatabank_ID257,computational,4
10.5281/zenodo.5734452,NMRlipidsDatabank_ID602,computational,4
10.5281/zenodo.5767451,NMRlipidsDatabank_ID525,computational,4
10.5281/zenodo.5767451,NMRlipidsDatabank_ID109,computational,4
10.5281/zenodo.5767451,NMRlipidsDatabank_ID119,computational,4
10.5281/zenodo.5767451,NMRlipidsDatabank_ID166,computational,4
10.5281/zenodo.5767451,NMRlipidsDatabank_ID275,computational,4
10.5281/zenodo.5767451,NMRlipidsDatabank_ID298,computational,4
10.5281/zenodo.5767451,NMRlipidsDatabank_ID393,computational,4
10.5281/zenodo.5767451,NMRlipidsDatabank_ID412,computational,4
10.5281/zenodo.5767451,NMRlipidsDatabank_ID426,computational,4
10.5281/zenodo.6342175,NMRlipidsDatabank_ID875,computational,4
10.5281/zenodo.6342652,NMRlipidsDatabank_ID873,computational,4
10.5281/zenodo.7061800,NMRlipidsDatabank_ID706,computational,4
10.5281/zenodo.7103807,NMRlipidsDatabank_ID710,computational,4
10.5281/zenodo.6943413,NMRlipidsDatabank_ID254,computational,4
10.5281/zenodo.6943413,NMRlipidsDatabank_ID27,computational,4
10.5281/zenodo.6943413,NMRlipidsDatabank_ID309,computational,4
10.5281/zenodo.6943413,NMRlipidsDatabank_ID356,computational,4
10.5281/zenodo.6943413,NMRlipidsDatabank_ID394,computational,4
10.5281/zenodo.7103807,NMRlipidsDatabank_ID713,computational,4
10.5281/zenodo.3434396,NMRlipidsDatabank_ID318,computational,4
10.5281/zenodo.7103807,NMRlipidsDatabank_ID711,computational,4
10.5281/zenodo.7103807,NMRlipidsDatabank_ID701,computational,4
10.5281/zenodo.6943086,NMRlipidsDatabank_ID598,computational,4
10.5281/zenodo.7103807,NMRlipidsDatabank_ID685,computational,4
10.5281/zenodo.7103807,NMRlipidsDatabank_ID678,computational,4
10.5281/zenodo.7103807,NMRlipidsDatabank_ID676,computational,4
10.5281/zenodo.7103807,NMRlipidsDatabank_ID669,computational,4
10.5281/zenodo.6943413,NMRlipidsDatabank_ID42,computational,4
10.5281/zenodo.7103807,NMRlipidsDatabank_ID656,computational,4
10.5281/zenodo.7061800,NMRlipidsDatabank_ID716,computational,4
10.5281/zenodo.6943413,NMRlipidsDatabank_ID510,computational,4
10.5281/zenodo.6943086,NMRlipidsDatabank_ID76,computational,4
10.5281/zenodo.6943086,NMRlipidsDatabank_ID551,computational,4
10.5281/zenodo.6618953,NMRlipidsDatabank_ID864,computational,4
10.5281/zenodo.6823140,NMRlipidsDatabank_ID720,computational,4
10.5281/zenodo.6618982,NMRlipidsDatabank_ID865,computational,4
10.5281/zenodo.6619202,NMRlipidsDatabank_ID858,computational,4
10.5281/zenodo.6656031,NMRlipidsDatabank_ID422,computational,4
10.5281/zenodo.6778072,NMRlipidsDatabank_ID246,computational,4
10.5281/zenodo.6778161,NMRlipidsDatabank_ID183,computational,4
10.5281/zenodo.7572990,NMRlipidsDatabank_ID756,computational,4
10.5281/zenodo.6823087,NMRlipidsDatabank_ID719,computational,4
10.5281/zenodo.7572990,NMRlipidsDatabank_ID755,computational,4
10.5281/zenodo.7476579,NMRlipidsDatabank_ID728,computational,4
10.5281/zenodo.6943086,NMRlipidsDatabank_ID547,computational,4
10.5281/zenodo.6943086,NMRlipidsDatabank_ID104,computational,4
10.5281/zenodo.6943086,NMRlipidsDatabank_ID316,computational,4
10.5281/zenodo.6943086,NMRlipidsDatabank_ID325,computational,4
10.5281/zenodo.6943086,NMRlipidsDatabank_ID396,computational,4
10.5281/zenodo.6943086,NMRlipidsDatabank_ID47,computational,4
10.5281/zenodo.6943086,NMRlipidsDatabank_ID504,computational,4
10.5281/zenodo.6943086,NMRlipidsDatabank_ID520,computational,4
10.5281/zenodo.6943086,NMRlipidsDatabank_ID532,computational,4
10.5281/zenodo.3434396,NMRlipidsDatabank_ID33,computational,4
10.1016/S0006-3495(00)76295-3,Rawicz2000,experimental,4
10.5281/zenodo.3434396,NMRlipidsDatabank_ID296,computational,4
10.5281/zenodo.1293941,NMRlipidsDatabank_ID619,computational,4
10.5281/zenodo.1293891,NMRlipidsDatabank_ID173,computational,4
10.5281/zenodo.1293891,NMRlipidsDatabank_ID516,computational,4
10.5281/zenodo.1293905,NMRlipidsDatabank_ID264,computational,4
10.5281/zenodo.1293905,NMRlipidsDatabank_ID279,computational,4
10.5281/zenodo.1293928,NMRlipidsDatabank_ID65,computational,4
10.5281/zenodo.1293928,NMRlipidsDatabank_ID77,computational,4
10.5281/zenodo.1293932,NMRlipidsDatabank_ID328,computational,4
10.5281/zenodo.1293932,NMRlipidsDatabank_ID482,computational,4
10.5281/zenodo.1293941,NMRlipidsDatabank_ID44,computational,4
10.5281/zenodo.1293957,NMRlipidsDatabank_ID126,computational,4
10.5281/zenodo.13881447,NMRlipidsDatabank_ID821,computational,4
10.5281/zenodo.1293957,NMRlipidsDatabank_ID586,computational,4
10.5281/zenodo.1306800,NMRlipidsDatabank_ID558,computational,4
10.5281/zenodo.13287,NMRlipidsDatabank_ID463,computational,4
10.5281/zenodo.13497,NMRlipidsDatabank_ID446,computational,4
10.5281/zenodo.13498,NMRlipidsDatabank_ID124,computational,4
10.5281/zenodo.13498,NMRlipidsDatabank_ID519,computational,4
10.5281/zenodo.13498,NMRlipidsDatabank_ID582,computational,4
10.5281/zenodo.13498,NMRlipidsDatabank_ID606,computational,4
10.5281/zenodo.13498,NMRlipidsDatabank_ID63,computational,4
10.5281/zenodo.1293889,NMRlipidsDatabank_ID579,computational,4
10.5281/zenodo.1293889,NMRlipidsDatabank_ID236,computational,4
10.5281/zenodo.1293774,NMRlipidsDatabank_ID352,computational,4
10.5281/zenodo.1293774,NMRlipidsDatabank_ID233,computational,4
10.5281/zenodo.1129439,NMRlipidsDatabank_ID445,computational,4
10.5281/zenodo.1129439,NMRlipidsDatabank_ID548,computational,4
10.5281/zenodo.1129441,NMRlipidsDatabank_ID338,computational,4
10.5281/zenodo.1129441,NMRlipidsDatabank_ID529,computational,4
10.5281/zenodo.1129447,NMRlipidsDatabank_ID258,computational,4
10.5281/zenodo.1129447,NMRlipidsDatabank_ID513,computational,4
10.5281/zenodo.1129456,NMRlipidsDatabank_ID479,computational,4
10.5281/zenodo.1129456,NMRlipidsDatabank_ID575,computational,4
10.5281/zenodo.1129458,NMRlipidsDatabank_ID263,computational,4
10.5281/zenodo.1129458,NMRlipidsDatabank_ID367,computational,4
10.5281/zenodo.1182654,NMRlipidsDatabank_ID203,computational,4
10.5281/zenodo.1182654,NMRlipidsDatabank_ID73,computational,4
10.5281/zenodo.1230170,NMRlipidsDatabank_ID344,computational,4
10.5281/zenodo.12698832,NMRlipidsDatabank_ID820,computational,4
10.5281/zenodo.12767,NMRlipidsDatabank_ID154,computational,4
10.5281/zenodo.1283335,NMRlipidsDatabank_ID26,computational,4
10.5281/zenodo.1283335,NMRlipidsDatabank_ID292,computational,4
10.5281/zenodo.1293762,NMRlipidsDatabank_ID349,computational,4
10.5281/zenodo.1293762,NMRlipidsDatabank_ID86,computational,4
10.5281/zenodo.13853,NMRlipidsDatabank_ID477,computational,4
10.5281/zenodo.13881447,NMRlipidsDatabank_ID822,computational,4
10.5281/zenodo.16289,NMRlipidsDatabank_ID379,computational,4
10.5281/zenodo.15172176,NMRlipidsDatabank_ID830,computational,4
10.5281/zenodo.14976,NMRlipidsDatabank_ID167,computational,4
10.5281/zenodo.14976,NMRlipidsDatabank_ID293,computational,4
10.5281/zenodo.14976,NMRlipidsDatabank_ID507,computational,4
10.5281/zenodo.14976,NMRlipidsDatabank_ID508,computational,4
10.5281/zenodo.15002712,NMRlipidsDatabank_ID832,computational,4
10.5281/zenodo.15002801,NMRlipidsDatabank_ID833,computational,4
10.5281/zenodo.15021844,NMRlipidsDatabank_ID837,computational,4
10.5281/zenodo.15065566,NMRlipidsDatabank_ID834,computational,4
10.5281/zenodo.15065748,NMRlipidsDatabank_ID836,computational,4
10.5281/zenodo.15172176,NMRlipidsDatabank_ID831,computational,4
10.5281/zenodo.13881447,NMRlipidsDatabank_ID823,computational,4
10.5281/zenodo.3434396,NMRlipidsDatabank_ID242,computational,4
10.5281/zenodo.153944,NMRlipidsDatabank_ID563,computational,4
10.5281/zenodo.15549,NMRlipidsDatabank_ID319,computational,4
10.5281/zenodo.15550,NMRlipidsDatabank_ID390,computational,4
10.5281/zenodo.15662847,NMRlipidsDatabank_ID846,computational,4
10.5281/zenodo.159434,NMRlipidsDatabank_ID82,computational,4
10.5281/zenodo.16254,NMRlipidsDatabank_ID87,computational,4
10.5281/zenodo.16258,NMRlipidsDatabank_ID24,computational,4
10.5281/zenodo.16276,NMRlipidsDatabank_ID61,computational,4
10.5281/zenodo.1488094,NMRlipidsDatabank_ID443,computational,4
10.5281/zenodo.1488094,NMRlipidsDatabank_ID340,computational,4
10.5281/zenodo.14880880,NMRlipidsDatabank_ID838,computational,4
10.5281/zenodo.1487906,NMRlipidsDatabank_ID521,computational,4
10.5281/zenodo.13887,NMRlipidsDatabank_ID475,computational,4
10.5281/zenodo.13934,NMRlipidsDatabank_ID41,computational,4
10.5281/zenodo.13944,NMRlipidsDatabank_ID533,computational,4
10.5281/zenodo.13984201,NMRlipidsDatabank_ID772,computational,4
10.5281/zenodo.13984206,NMRlipidsDatabank_ID771,computational,4
10.5281/zenodo.1402411,NMRlipidsDatabank_ID330,computational,4
10.5281/zenodo.1402417,NMRlipidsDatabank_ID115,computational,4
10.5281/zenodo.14066,NMRlipidsDatabank_ID612,computational,4
10.5281/zenodo.14067,NMRlipidsDatabank_ID610,computational,4
10.5281/zenodo.14068,NMRlipidsDatabank_ID9,computational,4
10.5281/zenodo.1434990,NMRlipidsDatabank_ID881,computational,4
10.5281/zenodo.14591,NMRlipidsDatabank_ID545,computational,4
10.5281/zenodo.14592,NMRlipidsDatabank_ID267,computational,4
10.5281/zenodo.14594,NMRlipidsDatabank_ID365,computational,4
10.5281/zenodo.14595,NMRlipidsDatabank_ID593,computational,4
10.5281/zenodo.14713771,NMRlipidsDatabank_ID828,computational,4
10.5281/zenodo.14713793,NMRlipidsDatabank_ID829,computational,4
10.5281/zenodo.1487761,NMRlipidsDatabank_ID311,computational,4
10.5281/zenodo.1487761,NMRlipidsDatabank_ID483,computational,4
10.5281/zenodo.1129435,NMRlipidsDatabank_ID473,computational,4
10.5281/zenodo.1129435,NMRlipidsDatabank_ID425,computational,4
10.5281/zenodo.1129431,NMRlipidsDatabank_ID597,computational,4
10.5281/zenodo.1020709,NMRlipidsDatabank_ID584,computational,4
10.5281/zenodo.1011096,NMRlipidsDatabank_ID284,computational,4
10.5281/zenodo.10183802,NMRlipidsDatabank_ID815,computational,4
10.5281/zenodo.10183926,NMRlipidsDatabank_ID816,computational,4
10.5281/zenodo.10183982,NMRlipidsDatabank_ID805,computational,4
10.5281/zenodo.10184229,NMRlipidsDatabank_ID796,computational,4
10.5281/zenodo.10184815,NMRlipidsDatabank_ID871,computational,4
10.5281/zenodo.10200685,NMRlipidsDatabank_ID869,computational,4
10.5281/zenodo.10202795,NMRlipidsDatabank_ID879,computational,4
10.5281/zenodo.10203643,NMRlipidsDatabank_ID876,computational,4
10.5281/zenodo.10212566,NMRlipidsDatabank_ID861,computational,4
10.5281/zenodo.1129431,NMRlipidsDatabank_ID535,computational,4
10.5281/zenodo.10212636,NMRlipidsDatabank_ID863,computational,4
10.5281/zenodo.10242899,NMRlipidsDatabank_ID874,computational,4
10.5281/zenodo.10464946,NMRlipidsDatabank_ID845,computational,4
10.5281/zenodo.10464958,NMRlipidsDatabank_ID843,computational,4
10.5281/zenodo.10464960,NMRlipidsDatabank_ID841,computational,4
10.5281/zenodo.10467181,NMRlipidsDatabank_ID842,computational,4
10.5281/zenodo.10783846,NMRlipidsDatabank_ID797,computational,4
10.5281/zenodo.10908508,NMRlipidsDatabank_ID806,computational,4
10.5281/zenodo.10908936,NMRlipidsDatabank_ID798,computational,4
10.5281/zenodo.1010131,NMRlipidsDatabank_ID570,computational,4
10.5281/zenodo.1010083,NMRlipidsDatabank_ID599,computational,4
10.5281/zenodo.1010083,NMRlipidsDatabank_ID467,computational,4
10.5281/zenodo.1010083,NMRlipidsDatabank_ID21,computational,4
10.5281/zenodo.1009027,NMRlipidsDatabank_ID193,computational,4
10.5281/zenodo.1009027,NMRlipidsDatabank_ID23,computational,4
10.5281/zenodo.1009027,NMRlipidsDatabank_ID36,computational,4
10.5281/zenodo.1009027,NMRlipidsDatabank_ID391,computational,4
10.5281/zenodo.1009027,NMRlipidsDatabank_ID4,computational,4
10.5281/zenodo.1009027,NMRlipidsDatabank_ID486,computational,4
10.5281/zenodo.1009027,NMRlipidsDatabank_ID489,computational,4
10.5281/zenodo.1009027,NMRlipidsDatabank_ID590,computational,4
10.5281/zenodo.1009027,NMRlipidsDatabank_ID62,computational,4
10.5281/zenodo.1009094,NMRlipidsDatabank_ID192,computational,4
10.5281/zenodo.1009094,NMRlipidsDatabank_ID342,computational,4
10.5281/zenodo.1009607,NMRlipidsDatabank_ID144,computational,4
10.5281/zenodo.1009607,NMRlipidsDatabank_ID158,computational,4
10.5281/zenodo.1009607,NMRlipidsDatabank_ID171,computational,4
10.5281/zenodo.1009607,NMRlipidsDatabank_ID199,computational,4
10.5281/zenodo.1009607,NMRlipidsDatabank_ID248,computational,4
10.5281/zenodo.1009607,NMRlipidsDatabank_ID438,computational,4
10.5281/zenodo.1009607,NMRlipidsDatabank_ID613,computational,4
10.5281/zenodo.1010083,NMRlipidsDatabank_ID163,computational,4
10.5281/zenodo.10929839,NMRlipidsDatabank_ID803,computational,4
10.5281/zenodo.10930798,NMRlipidsDatabank_ID799,computational,4
10.5281/zenodo.10931212,NMRlipidsDatabank_ID804,computational,4
10.5281/zenodo.1118980,NMRlipidsDatabank_ID366,computational,4
10.5281/zenodo.1118980,NMRlipidsDatabank_ID43,computational,4
10.5281/zenodo.1118980,NMRlipidsDatabank_ID478,computational,4
10.5281/zenodo.1118980,NMRlipidsDatabank_ID52,computational,4
10.5281/zenodo.1118980,NMRlipidsDatabank_ID523,computational,4
10.5281/zenodo.1118980,NMRlipidsDatabank_ID527,computational,4
10.5281/zenodo.1118980,NMRlipidsDatabank_ID571,computational,4
10.5281/zenodo.1118980,NMRlipidsDatabank_ID595,computational,4
10.5281/zenodo.1118980,NMRlipidsDatabank_ID79,computational,4
10.5281/zenodo.1118980,NMRlipidsDatabank_ID93,computational,4
10.5281/zenodo.1129411,NMRlipidsDatabank_ID295,computational,4
10.5281/zenodo.1129411,NMRlipidsDatabank_ID476,computational,4
10.5281/zenodo.1129415,NMRlipidsDatabank_ID106,computational,4
10.5281/zenodo.1129415,NMRlipidsDatabank_ID5,computational,4
10.5281/zenodo.1129419,NMRlipidsDatabank_ID329,computational,4
10.5281/zenodo.1129419,NMRlipidsDatabank_ID436,computational,4
10.5281/zenodo.1129425,NMRlipidsDatabank_ID480,computational,4
10.5281/zenodo.1129425,NMRlipidsDatabank_ID502,computational,4
10.5281/zenodo.1129429,NMRlipidsDatabank_ID232,computational,4
10.5281/zenodo.1129429,NMRlipidsDatabank_ID574,computational,4
10.5281/zenodo.1118980,NMRlipidsDatabank_ID374,computational,4
10.5281/zenodo.1118980,NMRlipidsDatabank_ID360,computational,4
10.5281/zenodo.10948670,NMRlipidsDatabank_ID802,computational,4
10.5281/zenodo.1118980,NMRlipidsDatabank_ID350,computational,4
10.5281/zenodo.10949612,NMRlipidsDatabank_ID817,computational,4
10.5281/zenodo.10949663,NMRlipidsDatabank_ID808,computational,4
10.5281/zenodo.10952391,NMRlipidsDatabank_ID807,computational,4
10.5281/zenodo.10952764,NMRlipidsDatabank_ID809,computational,4
10.5281/zenodo.10958132,NMRlipidsDatabank_ID800,computational,4
10.5281/zenodo.10958387,NMRlipidsDatabank_ID814,computational,4
10.5281/zenodo.11044615,NMRlipidsDatabank_ID813,computational,4
10.5281/zenodo.11044799,NMRlipidsDatabank_ID812,computational,4
10.5281/zenodo.11045073,NMRlipidsDatabank_ID810,computational,4
10.5281/zenodo.11045998,NMRlipidsDatabank_ID811,computational,4
10.5281/zenodo.1118980,NMRlipidsDatabank_ID103,computational,4
10.5281/zenodo.1118980,NMRlipidsDatabank_ID110,computational,4
10.5281/zenodo.1118980,NMRlipidsDatabank_ID127,computational,4
10.5281/zenodo.1118980,NMRlipidsDatabank_ID191,computational,4
10.5281/zenodo.1118980,NMRlipidsDatabank_ID196,computational,4
10.5281/zenodo.1118980,NMRlipidsDatabank_ID198,computational,4
10.5281/zenodo.1118980,NMRlipidsDatabank_ID204,computational,4
10.5281/zenodo.1118980,NMRlipidsDatabank_ID273,computational,4
10.5281/zenodo.1118980,NMRlipidsDatabank_ID347,computational,4
10.5281/zenodo.16287,NMRlipidsDatabank_ID277,computational,4
10.5281/zenodo.15328669,NMRlipidsDatabank_ID835,computational,4
10.5281/zenodo.259376,NMRlipidsDatabank_ID172,computational,4
10.5281/zenodo.2653735,NMRlipidsDatabank_ID481,computational,4
10.5281/zenodo.2653721,NMRlipidsDatabank_ID315,computational,4
10.5281/zenodo.2653721,NMRlipidsDatabank_ID34,computational,4
10.5281/zenodo.2653721,NMRlipidsDatabank_ID398,computational,4
10.5281/zenodo.2653721,NMRlipidsDatabank_ID493,computational,4
10.5281/zenodo.2653721,NMRlipidsDatabank_ID517,computational,4
10.5281/zenodo.2653721,NMRlipidsDatabank_ID549,computational,4
10.5281/zenodo.2653721,NMRlipidsDatabank_ID564,computational,4
10.5281/zenodo.2653735,NMRlipidsDatabank_ID2,computational,4
10.5281/zenodo.2653735,NMRlipidsDatabank_ID419,computational,4
10.5281/zenodo.2653735,NMRlipidsDatabank_ID60,computational,4
10.5281/zenodo.2653721,NMRlipidsDatabank_ID256,computational,4
10.5281/zenodo.2653735,NMRlipidsDatabank_ID609,computational,4
10.5281/zenodo.30865,NMRlipidsDatabank_ID469,computational,4
10.5281/zenodo.30891,NMRlipidsDatabank_ID397,computational,4
10.5281/zenodo.30892,NMRlipidsDatabank_ID444,computational,4
10.5281/zenodo.30894,NMRlipidsDatabank_ID355,computational,4
10.5281/zenodo.30898,NMRlipidsDatabank_ID30,computational,4
10.5281/zenodo.32144,NMRlipidsDatabank_ID187,computational,4
10.5281/zenodo.32173,NMRlipidsDatabank_ID10,computational,4
10.5281/zenodo.3228177,NMRlipidsDatabank_ID466,computational,4
10.5281/zenodo.2653721,NMRlipidsDatabank_ID303,computational,4
10.5281/zenodo.2653721,NMRlipidsDatabank_ID245,computational,4
10.5281/zenodo.3235552,NMRlipidsDatabank_ID194,computational,4
10.5281/zenodo.259392,NMRlipidsDatabank_ID407,computational,4
10.5281/zenodo.259354,NMRlipidsDatabank_ID604,computational,4
10.5281/zenodo.259365,NMRlipidsDatabank_ID159,computational,4
10.5281/zenodo.259365,NMRlipidsDatabank_ID176,computational,4
10.5281/zenodo.259365,NMRlipidsDatabank_ID201,computational,4
10.5281/zenodo.259365,NMRlipidsDatabank_ID214,computational,4
10.5281/zenodo.259376,NMRlipidsDatabank_ID210,computational,4
10.5281/zenodo.259376,NMRlipidsDatabank_ID252,computational,4
10.5281/zenodo.259376,NMRlipidsDatabank_ID83,computational,4
10.5281/zenodo.259392,NMRlipidsDatabank_ID189,computational,4
10.5281/zenodo.259392,NMRlipidsDatabank_ID439,computational,4
10.5281/zenodo.2653721,NMRlipidsDatabank_ID18,computational,4
10.5281/zenodo.259392,NMRlipidsDatabank_ID456,computational,4
10.5281/zenodo.259443,NMRlipidsDatabank_ID247,computational,4
10.5281/zenodo.259443,NMRlipidsDatabank_ID346,computational,4
10.5281/zenodo.259443,NMRlipidsDatabank_ID384,computational,4
10.5281/zenodo.259443,NMRlipidsDatabank_ID46,computational,4
10.5281/zenodo.2605546,NMRlipidsDatabank_ID147,computational,4
10.5281/zenodo.2628335,NMRlipidsDatabank_ID66,computational,4
10.5281/zenodo.2641987,NMRlipidsDatabank_ID430,computational,4
10.5281/zenodo.2653721,NMRlipidsDatabank_ID135,computational,4
10.5281/zenodo.3231342,NMRlipidsDatabank_ID414,computational,4
10.5281/zenodo.3237420,NMRlipidsDatabank_ID291,computational,4
10.5281/zenodo.259354,NMRlipidsDatabank_ID526,computational,4
10.5281/zenodo.3335503,NMRlipidsDatabank_ID622,computational,4
10.5281/zenodo.3335503,NMRlipidsDatabank_ID16,computational,4
10.5281/zenodo.3335503,NMRlipidsDatabank_ID174,computational,4
10.5281/zenodo.3335503,NMRlipidsDatabank_ID22,computational,4
10.5281/zenodo.3335503,NMRlipidsDatabank_ID405,computational,4
10.5281/zenodo.3335503,NMRlipidsDatabank_ID427,computational,4
10.5281/zenodo.3335503,NMRlipidsDatabank_ID431,computational,4
10.5281/zenodo.3335503,NMRlipidsDatabank_ID499,computational,4
10.5281/zenodo.3335503,NMRlipidsDatabank_ID57,computational,4
10.5281/zenodo.3335503,NMRlipidsDatabank_ID573,computational,4
10.5281/zenodo.3364460,NMRlipidsDatabank_ID441,computational,4
10.5281/zenodo.32570,NMRlipidsDatabank_ID181,computational,4
10.5281/zenodo.3378992,NMRlipidsDatabank_ID530,computational,4
10.5281/zenodo.3431948,NMRlipidsDatabank_ID320,computational,4
10.5281/zenodo.3434100,NMRlipidsDatabank_ID162,computational,4
10.5281/zenodo.3434100,NMRlipidsDatabank_ID37,computational,4
10.5281/zenodo.3434100,NMRlipidsDatabank_ID415,computational,4
10.5281/zenodo.3434396,NMRlipidsDatabank_ID155,computational,4
10.5281/zenodo.3434396,NMRlipidsDatabank_ID225,computational,4
10.5281/zenodo.3434396,NMRlipidsDatabank_ID231,computational,4
10.5281/zenodo.3434396,NMRlipidsDatabank_ID235,computational,4
10.5281/zenodo.3269320,NMRlipidsDatabank_ID49,computational,4
10.5281/zenodo.3252052,NMRlipidsDatabank_ID96,computational,4
10.5281/zenodo.3237420,NMRlipidsDatabank_ID345,computational,4
10.5281/zenodo.3243328,NMRlipidsDatabank_ID515,computational,4
10.5281/zenodo.3237420,NMRlipidsDatabank_ID552,computational,4
10.5281/zenodo.3237420,NMRlipidsDatabank_ID623,computational,4
10.5281/zenodo.3237461,NMRlipidsDatabank_ID67,computational,4
10.5281/zenodo.3237463,NMRlipidsDatabank_ID568,computational,4
10.5281/zenodo.3237657,NMRlipidsDatabank_ID386,computational,4
10.5281/zenodo.3237754,NMRlipidsDatabank_ID400,computational,4
10.5281/zenodo.3238157,NMRlipidsDatabank_ID488,computational,4
10.5281/zenodo.3238157,NMRlipidsDatabank_ID615,computational,4
10.5281/zenodo.3243328,NMRlipidsDatabank_ID113,computational,4
10.5281/zenodo.3243328,NMRlipidsDatabank_ID583,computational,4
10.5281/zenodo.3252052,NMRlipidsDatabank_ID452,computational,4
10.5281/zenodo.3243329,NMRlipidsDatabank_ID249,computational,4
10.5281/zenodo.3243329,NMRlipidsDatabank_ID373,computational,4
10.5281/zenodo.3247435,NMRlipidsDatabank_ID261,computational,4
10.5281/zenodo.3247813,NMRlipidsDatabank_ID416,computational,4
10.5281/zenodo.32497,NMRlipidsDatabank_ID31,computational,4
10.5281/zenodo.32498,NMRlipidsDatabank_ID372,computational,4
10.5281/zenodo.3252052,NMRlipidsDatabank_ID141,computational,4
10.5281/zenodo.3252052,NMRlipidsDatabank_ID148,computational,4
10.5281/zenodo.3252052,NMRlipidsDatabank_ID327,computational,4
10.5281/zenodo.259354,NMRlipidsDatabank_ID557,computational,4
10.5281/zenodo.3243328,NMRlipidsDatabank_ID308,computational,4
10.5281/zenodo.259354,NMRlipidsDatabank_ID454,computational,4
10.5281/zenodo.16484,NMRlipidsDatabank_ID343,computational,4
10.5281/zenodo.166034,NMRlipidsDatabank_ID617,computational,4
10.5281/zenodo.17209,NMRlipidsDatabank_ID270,computational,4
10.5281/zenodo.17210,NMRlipidsDatabank_ID410,computational,4
10.5281/zenodo.17228,NMRlipidsDatabank_ID536,computational,4
10.5281/zenodo.17237,NMRlipidsDatabank_ID472,computational,4
10.5281/zenodo.17730115,NMRlipidsDatabank_ID848,computational,4
10.5281/zenodo.17730735,NMRlipidsDatabank_ID847,computational,4
10.5281/zenodo.17730864,NMRlipidsDatabank_ID849,computational,4
10.5281/zenodo.18384813,NMRlipidsDatabank_ID894,computational,4
10.5281/zenodo.18384813,NMRlipidsDatabank_ID901,computational,4
10.5281/zenodo.18469822,NMRlipidsDatabank_ID899,computational,4
10.5281/zenodo.18469822,NMRlipidsDatabank_ID900,computational,4
10.5281/zenodo.18470730,NMRlipidsDatabank_ID904,computational,4
10.5281/zenodo.18470730,NMRlipidsDatabank_ID905,computational,4
10.5281/zenodo.259354,NMRlipidsDatabank_ID440,computational,4
10.5281/zenodo.18471696,NMRlipidsDatabank_ID902,computational,4
10.5281/zenodo.18471696,NMRlipidsDatabank_ID903,computational,4
10.5281/zenodo.16292,NMRlipidsDatabank_ID614,computational,4
10.5281/zenodo.18471806,NMRlipidsDatabank_ID907,computational,4
10.5281/zenodo.16485,NMRlipidsDatabank_ID19,computational,4
10.5281/zenodo.16291,NMRlipidsDatabank_ID101,computational,4
10.5281/zenodo.18480411,NMRlipidsDatabank_ID906,computational,4
10.5281/zenodo.164206,NMRlipidsDatabank_ID99,computational,4
10.5281/zenodo.16294,NMRlipidsDatabank_ID94,computational,4
10.5281/zenodo.16319,NMRlipidsDatabank_ID243,computational,4
10.5281/zenodo.16320,NMRlipidsDatabank_ID611,computational,4
10.5281/zenodo.163333,NMRlipidsDatabank_ID168,computational,4
10.5281/zenodo.163336,NMRlipidsDatabank_ID403,computational,4
10.5281/zenodo.163340,NMRlipidsDatabank_ID304,computational,4
10.5281/zenodo.163343,NMRlipidsDatabank_ID572,computational,4
10.5281/zenodo.163345,NMRlipidsDatabank_ID451,computational,4
10.5281/zenodo.164203,NMRlipidsDatabank_ID224,computational,4
10.5281/zenodo.164203,NMRlipidsDatabank_ID281,computational,4
10.5281/zenodo.164203,NMRlipidsDatabank_ID310,computational,4
10.5281/zenodo.164203,NMRlipidsDatabank_ID541,computational,4
10.5281/zenodo.164206,NMRlipidsDatabank_ID123,computational,4
10.5281/zenodo.164206,NMRlipidsDatabank_ID301,computational,4
10.5281/zenodo.164206,NMRlipidsDatabank_ID361,computational,4
10.5281/zenodo.164206,NMRlipidsDatabank_ID462,computational,4
10.5281/zenodo.164206,NMRlipidsDatabank_ID554,computational,4
10.5281/zenodo.164206,NMRlipidsDatabank_ID70,computational,4
10.5281/zenodo.164206,NMRlipidsDatabank_ID98,computational,4
10.5281/zenodo.18471806,NMRlipidsDatabank_ID909,computational,4
10.5281/zenodo.16293,NMRlipidsDatabank_ID289,computational,4
10.5281/zenodo.18480411,NMRlipidsDatabank_ID908,computational,4
10.5281/zenodo.259341,NMRlipidsDatabank_ID234,computational,4
10.5281/zenodo.2578069,NMRlipidsDatabank_ID561,computational,4
10.5281/zenodo.20283378,NMRlipidsDatabank_ID910,computational,4
10.5281/zenodo.259335,NMRlipidsDatabank_ID268,computational,4
10.5281/zenodo.259335,NMRlipidsDatabank_ID271,computational,4
10.5281/zenodo.259335,NMRlipidsDatabank_ID274,computational,4
10.5281/zenodo.259335,NMRlipidsDatabank_ID283,computational,4
10.5281/zenodo.259335,NMRlipidsDatabank_ID498,computational,4
10.5281/zenodo.259335,NMRlipidsDatabank_ID500,computational,4
10.5281/zenodo.259341,NMRlipidsDatabank_ID152,computational,4
10.5281/zenodo.259341,NMRlipidsDatabank_ID208,computational,4
10.5281/zenodo.259341,NMRlipidsDatabank_ID569,computational,4
10.5281/zenodo.2574959,NMRlipidsDatabank_ID92,computational,4
10.5281/zenodo.259343,NMRlipidsDatabank_ID132,computational,4
10.5281/zenodo.259343,NMRlipidsDatabank_ID239,computational,4
10.5281/zenodo.259343,NMRlipidsDatabank_ID359,computational,4
10.5281/zenodo.259343,NMRlipidsDatabank_ID399,computational,4
10.5281/zenodo.259349,NMRlipidsDatabank_ID121,computational,4
10.5281/zenodo.259349,NMRlipidsDatabank_ID306,computational,4
10.5281/zenodo.259349,NMRlipidsDatabank_ID339,computational,4
10.5281/zenodo.259349,NMRlipidsDatabank_ID534,computational,4
10.5281/zenodo.259354,NMRlipidsDatabank_ID130,computational,4
10.5281/zenodo.259354,NMRlipidsDatabank_ID392,computational,4
10.5281/zenodo.2577454,NMRlipidsDatabank_ID17,computational,4
10.5281/zenodo.259335,NMRlipidsDatabank_ID211,computational,4
10.5281/zenodo.2574691,NMRlipidsDatabank_ID69,computational,4
10.5281/zenodo.2573531,NMRlipidsDatabank_ID71,computational,4
10.5281/zenodo.20524112,NMRlipidsDatabank_ID911,computational,4
10.5281/zenodo.20558593,NMRlipidsDatabank_ID912,computational,4
10.5281/zenodo.209360,NMRlipidsDatabank_ID137,computational,4
10.5281/zenodo.209362,NMRlipidsDatabank_ID506,computational,4
10.5281/zenodo.247386,NMRlipidsDatabank_ID280,computational,4
10.5281/zenodo.2562079,NMRlipidsDatabank_ID383,computational,4
10.5281/zenodo.2562083,NMRlipidsDatabank_ID351,computational,4
10.5281/zenodo.2562080,NMRlipidsDatabank_ID522,computational,4
10.5281/zenodo.2574689,NMRlipidsDatabank_ID54,computational,4
10.5281/zenodo.2574491,NMRlipidsDatabank_ID190,computational,4
10.5281/zenodo.3540513,NMRlipidsDatabank_ID219,computational,3
10.5281/zenodo.7992137,NMRlipidsDatabank_ID760,computational,3
10.5281/zenodo.13814,NMRlipidsDatabank_ID128,computational,3
10.5281/zenodo.16295,NMRlipidsDatabank_ID81,computational,3
10.5281/zenodo.8000095,NMRlipidsDatabank_ID758,computational,3
10.5281/zenodo.1293813,NMRlipidsDatabank_ID74,computational,3
10.5281/zenodo.13945,NMRlipidsDatabank_ID375,computational,3
10.5281/zenodo.13498,NMRlipidsDatabank_ID378,computational,3
10.5281/zenodo.8000133,NMRlipidsDatabank_ID759,computational,3
10.5281/zenodo.3540513,NMRlipidsDatabank_ID364,computational,3
10.5281/zenodo.3865283,NMRlipidsDatabank_ID562,computational,3
10.5281/zenodo.1293813,NMRlipidsDatabank_ID29,computational,3
10.1529/biophysj.108.132662,Kucerka2008,experimental,2
unpublished/ferreiraPOPG,NMRlipidsExpDatabank,experimental,2
10.1039/B418131J,NMRlipidsExpDatabank,experimental,2
unpublished/ferreiraDOPC,NMRlipidsExpDatabank,experimental,2
unpublished/ferreiraPOPE,NMRlipidsExpDatabank,experimental,2
10.1021/acs.jctc.9b00824,NMRlipidsExpDatabank,experimental,2
10.5281/zenodo.13981147,NMRlipidsDatabank_ID827,computational,2
10.5281/zenodo.8341624,NMRlipidsDatabank_ID766,computational,2
10.5281/zenodo.8338253,NMRlipidsDatabank_ID765,computational,2
10.5281/zenodo.8333993,NMRlipidsDatabank_ID763,computational,2
10.5281/zenodo.13933145,NMRlipidsDatabank_ID826,computational,2
10.5281/zenodo.13933145,NMRlipidsDatabank_ID825,computational,2
10.5281/zenodo.13933145,NMRlipidsDatabank_ID824,computational,2
10.5281/zenodo.6778139,NMRlipidsDatabank_ID453,computational,2
10.5281/zenodo.6778175,NMRlipidsDatabank_ID423,computational,2
